time,throttle_input,steering_angle_input,speed,yaw_rate,motor_rpm
1569754104.85,0,0,0,0,0
1569754104.89,0,0,0,0,0
1569754104.93,0,0,0,0,0
1569754104.97,0,0,0,0,0
1569754105.01,0,0,0,0,0
1569754105.05,0,0,0,0,0
1569754105.09,0,0,0,0,0
1569754105.13,0,0,0,0,0
1569754105.17,0,0,0,0,0
1569754105.21,0,0,0,0,0
1569754105.25,0,0,0,0,0
1569754105.29,0,0,0,0,0
1569754105.33,0,0,0,0,0
1569754105.37,0,0,0,0,0
1569754105.41,0,0,0,0,0
1569754105.45,0,0,0,0,0
1569754105.49,0,0,0,0,0
1569754105.53,0,0,0,0,0
1569754105.57,0,0,0,0,0
1569754105.61,0,0,0,0,0
1569754105.65,0,0,0,0,0
1569754105.69,0,0,0,0,0
1569754105.73,0,0,0,0,0
1569754105.77,0,0,0,0,0
1569754105.81,0,0,0,0,0
1569754105.85,0,0,0,0,0
1569754105.89,0,0,0,0,0
1569754105.93,0,0,0,0,0
1569754105.97,0,0,0,0,0
1569754106.01,0,0,0,0,0
1569754106.05,0,0,0,0,0
1569754106.09,0,0,0,0,0
1569754106.13,0,0,0,0,0
1569754106.17,0,0,0,0,0
1569754106.21,0,0,0,0,0
1569754106.25,0,0,0,0,0
1569754106.29,0,0,0,0,0
1569754106.33,0,0,0,0,0
1569754106.37,0,0,0,0,0
1569754106.41,0,0,0,0,0
1569754106.45,0,0,0,0,0
1569754106.49,0,0,0,0,0
1569754106.53,0,0,0,0,0
1569754106.57,0,0,0,0,0
1569754106.61,0,0,0,0,0
1569754106.65,0,0,0,0,0
1569754106.69,0,0,0,0,0
1569754106.73,0,0,0,0,0
1569754106.77,0,0,0,0,0
1569754106.81,0,0,0,0,0
1569754106.85,0,0,0,0,0
1569754106.89,0,0,0,0,0
1569754106.93,0,0,0,0,0
1569754106.97,0,0,0,0,0
1569754107.01,0,0,0,0,0
1569754107.05,0,0,0,0,0
1569754107.09,0,0,0,0,0
1569754107.13,0,0,0,0,0
1569754107.17,0,0,0,0,0
1569754107.21,0,0,0,0,0
1569754107.25,0,0,0,0,0
1569754107.29,0,0,0,0,0
1569754107.33,0,0,0,0,0
1569754107.37,0,0,0,0,0
1569754107.41,0,0,0,0,0
1569754107.45,0,0,0,0,0
1569754107.49,0,0,0,0,0
1569754107.53,0,0,0,0,0
1569754107.57,0,0,0,0,0
1569754107.61,0,0,0,0,0
1569754107.65,0,0,0,0,0
1569754107.69,0,0,0,0,0
1569754107.73,0,0,0,0,0
1569754107.77,0,0,0,0,0
1569754107.81,0,0,0,0,0
1569754107.85,0,0,0,0,0
1569754107.89,0,0,0,0,0
1569754107.93,0,0,0,0,0
1569754107.97,0,0,0,0,0
1569754108.01,0,0,0,0,0
1569754108.05,0,0,0,0,0
1569754108.09,0,0,0,0,0
1569754108.13,0,0,0,0,0
1569754108.17,0,0,0,0,0
1569754108.21,0,0,0,0,0
1569754108.25,0,0,0,0,0
1569754108.29,0,0,0,0,0
1569754108.33,0,0,0,0,0
1569754108.37,0,0,0,0,0
1569754108.41,0,0,0,0,0
1569754108.45,0,0,0,0,0
1569754108.49,0,0,0,0,0
1569754108.53,0,0,0,0,0
1569754108.57,0,0,0,0,0
1569754108.61,0,0,0,0,0
1569754108.65,0,0,0,0,0
1569754108.69,0,0,0,0,0
1569754108.73,0,0,0,0,0
1569754108.77,0,0,0,0,0
1569754108.81,0,0,0,0,0
1569754108.85,0,0,0,0,0
1569754108.89,0,0,0,0,0
1569754108.93,0,0,0,0,0
1569754108.97,0,0,0,0,0
1569754109.01,0,0,0,0,0
1569754109.05,0,0,0,0,0
1569754109.09,0,0,0,0,0
1569754109.13,0,0,0,0,0
1569754109.17,0,0,0,0,0
1569754109.21,0,0,0,0,0
1569754109.25,0,0,0,0,0
1569754109.29,0,0,0,0,0
1569754109.33,0,0,0,0,0
1569754109.37,0,0,0,0,0
1569754109.41,0,0,0,0,0
1569754109.45,0,0,0,0,0
1569754109.49,0,0,0,0,0
1569754109.53,0,0,0,0,0
1569754109.57,0,0,0,0,0
1569754109.61,0,0,0,0,0
1569754109.65,0,0,0,0,0
1569754109.69,0,0,0,0,0
1569754109.73,0,0,0,0,0
1569754109.77,0,0,0,0,0
1569754109.81,0,0,0,0,0
1569754109.85,0,0,0,0,0
1569754109.89,0,0,0,0,0
1569754109.93,0,0,0,0,0
1569754109.97,0,0,0,0,0
1569754110.01,0,0,0,0,0
1569754110.05,0,0,0,0,0
1569754110.09,0,0,0,0,0
1569754110.13,0,0,0,0,0
1569754110.17,0,0,0,0,0
1569754110.21,0,0,0,0,0
1569754110.25,0,0,0,0,0
1569754110.29,0,0,0,0,0
1569754110.33,0,0,0,0,0
1569754110.37,0,0,0,0,0
1569754110.41,0,0,0,0,0
1569754110.45,0,0,0,0,0
1569754110.49,0,0,0,0,0
1569754110.53,0,0,0,0,0
1569754110.57,0,0,0,0,0
1569754110.61,0,0,0,0,0
1569754110.65,0,0,0,0,0
1569754110.69,0,0,0,0,0
1569754110.73,0,0,0,0,0
1569754110.77,0,0,0,0,0
1569754110.81,0,0,0,0,0
1569754110.85,0,0,0,0,0
1569754110.89,0,0,0,0,0
1569754110.93,0,0,0,0,0
1569754110.97,0,0,0,0,0
1569754111.01,0,0,0,0,0
1569754111.05,0,0,0,0,0
1569754111.09,0,0,0,0,0
1569754111.13,0,0,0,0,0
1569754111.17,0,0,0,0,0
1569754111.21,0,0,0,0,0
1569754111.25,0,0,0,0,0
1569754111.29,0,0,0,0,0
1569754111.33,0,0,0,0,0
1569754111.37,0,0,0,0,0
1569754111.41,0,0,0,0,0
1569754111.45,0,0,0,0,0
1569754111.49,0,0,0,0,0
1569754111.53,0,0,0,0,0
1569754111.57,0,0,0,0,0
1569754111.61,0,0,0,0,0
1569754111.65,0,0,0,0,0
1569754111.69,0,0,0,0,0
1569754111.73,0,0,0,0,0
1569754111.77,0,0,0,0,0
1569754111.81,0,0,0,0,0
1569754111.85,0,0,0,0,0
1569754111.89,0,0,0,0,0
1569754111.93,0,0,0,0,0
1569754111.97,0,0,0,0,0
1569754112.01,0,0,0,0,0
1569754112.05,0,0,0,0,0
1569754112.09,0,0,0,0,0
1569754112.13,0,0,0,0,0
1569754112.17,0,0,0,0,0
1569754112.21,0,0,0,0,0
1569754112.25,0,0,0,0,0
1569754112.29,0,0,0,0,0
1569754112.33,0,0,0,0,0
1569754112.37,0,0,0,0,0
1569754112.41,0,0,0,0,0
1569754112.45,0,0,0,0,0
1569754112.49,0,0,0,0,0
1569754112.53,0,0,0,0,0
1569754112.57,0,0,0,0,0
1569754112.61,0,0,0,0,0
1569754112.65,0,0,0,0,0
1569754112.69,0,0,0,0,0
1569754112.73,0,0,0,0,0
1569754112.77,0,0,0,0,0
1569754112.81,0,0,0,0,0
1569754112.85,0,0,0,0,0
1569754112.89,0,0,0,0,0
1569754112.93,0,0,0,0,0
1569754112.97,0,0,0,0,0
1569754113.01,0,0,0,0,0
1569754113.05,0,0,0,0,0
1569754113.09,0,0,0,0,0
1569754113.13,0,0,0,0,0
1569754113.17,0,0,0,0,0
1569754113.21,0,0,0,0,0
1569754113.25,0,0,0,0,0
1569754113.29,0,0,0,0,0
1569754113.33,0,0,0,0,0
1569754113.37,0,0,0,0,0
1569754113.41,0,0,0,0,0
1569754113.45,0,0,0,0,0
1569754113.49,0,0,0,0,0
1569754113.53,0,0,0,0,0
1569754113.57,0,0,0,0,0
1569754113.61,0,0,0,0,0
1569754113.65,0,0,0,0,0
1569754113.69,0,0,0,0,0
1569754113.73,0,0,0,0,0
1569754113.77,0,0,0,0,0
1569754113.81,0,0,0,0,0
1569754113.85,0,0,0,0,0
1569754113.89,0,0,0,0,0
1569754113.93,0,0,0,0,0
1569754113.97,0,0,0,0,0
1569754114.01,0,0,0,0,0
1569754114.05,0,0,0,0,0
1569754114.09,0,0,0,0,0
1569754114.13,0,0,0,0,0
1569754114.17,0,0,0,0,0
1569754114.21,0,0,0,0,0
1569754114.25,0,0,0,0,0
1569754114.29,0,0,0,0,0
1569754114.33,0,0,0,0,0
1569754114.37,0,0,0,0,0
1569754114.41,0,0,0,0,0
1569754114.45,0,0,0,0,0
1569754114.49,0,0,0,0,0
1569754114.53,0,0,0,0,0
1569754114.57,0,0,0,0,0
1569754114.61,0,0,0,0,0
1569754114.65,0,0,0,0,0
1569754114.69,0,0,0,0,0
1569754114.73,0,0,0,0,0
1569754114.77,0,0,0,0,0
1569754114.81,0,0,0,0,0
1569754114.85,0,0,0,0,0
1569754114.89,0,0,0,0,0
1569754114.93,0,0,0,0,0
1569754114.97,0,0,0,0,0
1569754115.01,0,0,0,0,0
1569754115.05,0,0,0,0,0
1569754115.09,0,0,0,0,0
1569754115.13,0,0,0,0,0
1569754115.17,0,0,0,0,0
1569754115.21,0,0,0,0,0
1569754115.25,0,0,0,0,0
1569754115.29,0,0,0,0,0
1569754115.33,0,0,0,0,0
1569754115.37,0,0,0,0,0
1569754115.41,0,0,0,0,0
1569754115.45,0,0,0,0,0
1569754115.49,0,0,0,0,0
1569754115.53,0,0,0,0,0
1569754115.57,0,0,0,0,0
1569754115.61,0,0,0,0,0
1569754115.65,0,0,0,0,0
1569754115.69,0,0,0,0,0
1569754115.73,0,0,0,0,0
1569754115.77,0,0,0,0,0
1569754115.81,0,0,0,0,0
1569754115.85,0,0,0,0,0
1569754115.89,0,0,0,0,0
1569754115.93,0,0,0,0,0
1569754115.97,0,0,0,0,0
1569754116.01,0,0,0,0,0
1569754116.05,0,0,0,0,0
1569754116.09,0,0,0,0,0
1569754116.13,0,0,0,0,0
1569754116.17,0,0,0,0,0
1569754116.21,0,0,0,0,0
1569754116.25,0,0,0,0,0
1569754116.29,0,0,0,0,0
1569754116.33,0,0,0,0,0
1569754116.37,0,0,0,0,0
1569754116.41,0,0,0,0,0
1569754116.45,0,0,0,0,0
1569754116.49,0,0,0,0,0
1569754116.53,0,0,0,0,0
1569754116.57,0,0,0,0,0
1569754116.61,0,0,0,0,0
1569754116.65,0,0,0,0,0
1569754116.69,0,0,0,0,0
1569754116.73,0,0,0,0,0
1569754116.77,0,0,0,0,0
1569754116.81,0,0,0,0,0
1569754116.85,0,0,0,0,0
1569754116.89,0,0,0,0,0
1569754116.93,0,0,0,0,0
1569754116.97,0,0,0,0,0
1569754117.01,0,0,0,0,0
1569754117.05,0,0,0,0,0
1569754117.09,0,0,0,0,0
1569754117.13,0,0,0,0,0
1569754117.17,0,0,0,0,0
1569754117.21,0,0,0,0,0
1569754117.25,0,0,0,0,0
1569754117.29,0,0,0,0,0
1569754117.33,0,0,0,0,0
1569754117.37,0,0,0,0,0
1569754117.41,0,0,0,0,0
1569754117.45,0,0,0,0,0
1569754117.49,0,0,0,0,0
1569754117.53,0,0,0,0,0
1569754117.57,0,0,0,0,0
1569754117.61,0,0,0,0,0
1569754117.65,0,0,0,0,0
1569754117.69,0,0,0,0,0
1569754117.73,0,0,0,0,0
1569754117.77,0,0,0,0,0
1569754117.81,0,0,0,0,0
1569754117.85,0,0,0,0,0
1569754117.89,0,0,0,0,0
1569754117.93,0,0,0,0,0
1569754117.97,0,0,0,0,0
1569754118.01,0,0,0,0,0
1569754118.05,0,0,0,0,0
1569754118.09,0,0,0,0,0
1569754118.13,0,0,0,0,0
1569754118.17,0,0,0,0,0
1569754118.21,0,0,0,0,0
1569754118.25,0,0,0,0,0
1569754118.29,0,0,0,0,0
1569754118.33,0,0,0,0,0
1569754118.37,0,0,0,0,0
1569754118.41,0,0,0,0,0
1569754118.45,0,0,0,0,0
1569754118.49,0,0,0,0,0
1569754118.53,0,0,0,0,0
1569754118.57,0,0,0,0,0
1569754118.61,0,0,0,0,0
1569754118.65,0,0,0,0,0
1569754118.69,0,0,0,0,0
1569754118.73,0,0,0,0,0
1569754118.77,0,0,0,0,0
1569754118.81,0,0,0,0,0
1569754118.85,0,0,0,0,0
1569754118.89,0,0,0,0,0
1569754118.93,0,0,0,0,0
1569754118.97,0,0,0,0,0
1569754119.01,0,0,0,0,0
1569754119.05,0,0,0,0,0
1569754119.09,0,0,0,0,0
1569754119.13,0,0,0,0,0
1569754119.17,0,0,0,0,0
1569754119.21,0,0,0,0,0
1569754119.25,0,0,0,0,0
1569754119.29,0,0,0,0,0
1569754119.33,0,0,0,0,0
1569754119.37,0,0,0,0,0
1569754119.41,0,0,0,0,0
1569754119.45,0,0,0,0,0
1569754119.49,0,0,0,0,0
1569754119.53,0,0,0,0,0
1569754119.57,0,0,0,0,0
1569754119.61,0,0,0,0,0
1569754119.65,0,0,0,0,0
1569754119.69,0,0,0,0,0
1569754119.73,0,0,0,0,0
1569754119.77,0,0,0,0,0
1569754119.81,0,0,0,0,0
1569754119.85,0,0,0,0,0
1569754119.89,0,0,0,0,0
1569754119.93,0,0,0,0,0
1569754119.97,0,0,0,0,0
1569754120.01,0,0,0,0,0
1569754120.05,0,0,0,0,0
1569754120.09,0,0,0,0,0
1569754120.13,0,0,0,0,0
1569754120.17,0,0,0,0,0
1569754120.21,0,0,0,0,0
1569754120.25,0,0,0,0,0
1569754120.29,0,0,0,0,0
1569754120.33,0,0,0,0,0
1569754120.37,0,0,0,0,0
1569754120.41,0,0,0,0,0
1569754120.45,0,0,0,0,0
1569754120.49,0,0,0,0,0
1569754120.53,0,0,0,0,0
1569754120.57,0,0,0,0,0
1569754120.61,0,0,0,0,0
1569754120.65,0,0,0,0,0
1569754120.69,0,0,0,0,0
1569754120.73,0,0,0,0,0
1569754120.77,0,0,0,0,0
1569754120.81,0,0,0,0,0
1569754120.85,0,0,0,0,0
1569754120.89,0,0,0,0,0
1569754120.93,0,0,0,0,0
1569754120.97,0,0,0,0,0
1569754121.01,0,0,0,0,0
1569754121.05,0,0,0,0,0
1569754121.09,0,0,0,0,0
1569754121.13,0,0,0,0,0
1569754121.17,0,0,0,0,0
1569754121.21,0,0,0,0,0
1569754121.25,0,0,0,0,0
1569754121.29,0,0,0,0,0
1569754121.33,0,0,0,0,0
1569754121.37,0,0,0,0,0
1569754121.41,0,0,0,0,0
1569754121.45,0,0,0,0,0
1569754121.49,0,0,0,0,0
1569754121.53,0,0,0,0,0
1569754121.57,0,0,0,0,0
1569754121.61,0,0,0,0,0
1569754121.65,0,0,0,0,0
1569754121.69,0,0,0,0,0
1569754121.73,0,0,0,0,0
1569754121.77,0,0,0,0,0
1569754121.81,0,0,0,0,0
1569754121.85,0,0,0,0,0
1569754121.89,0,0,0,0,0
1569754121.93,0,0,0,0,0
1569754121.97,0,0,0,0,0
1569754122.01,0,0,0,0,0
1569754122.05,0,0,0,0,0
1569754122.09,0,0,0,0,0
1569754122.13,0,0,0,0,0
1569754122.17,0,0,0,0,0
1569754122.21,0,0,0,0,0
1569754122.25,0,0,0,0,0
1569754122.29,0,0,0,0,0
1569754122.33,0,0,0,0,0
1569754122.37,0,0,0,0,0
1569754122.41,0,0,0,0,0
1569754122.45,0,0,0,0,0
1569754122.49,0,0,0,0,0
1569754122.53,0,0,0,0,0
1569754122.57,0,0,0,0,0
1569754122.61,0,0,0,0,0
1569754122.65,0,0,0,0,0
1569754122.69,0,0,0,0,0
1569754122.73,0,0,0,0,0
1569754122.77,0,0,0,0,0
1569754122.81,0,0,0,0,0
1569754122.85,0,0,0,0,0
1569754122.89,0,0,0,0,0
1569754122.93,0,0,0,0,0
1569754122.97,0,0,0,0,0
1569754123.01,0,0,0,0,0
1569754123.05,0,0,0,0,0
1569754123.09,0,0,0,0,0
1569754123.13,0,0,0,0,0
1569754123.17,0,0,0,0,0
1569754123.21,0,0,0,0,0
1569754123.25,0,0,0,0,0
1569754123.29,0,0,0,0,0
1569754123.33,0,0,0,0,0
1569754123.37,0,0,0,0,0
1569754123.41,0,0,0,0,0
1569754123.45,0,0,0,0,0
1569754123.49,0,0,0,0,0
1569754123.53,0,0,0,0,0
1569754123.57,0,0,0,0,0
1569754123.61,0,0,0,0,0
1569754123.65,0,0,0,0,0
1569754123.69,0,0,0,0,0
1569754123.73,0,0,0,0,0
1569754123.77,0,0,0,0,0
1569754123.81,0,0,0,0,0
1569754123.85,0,0,0,0,0
1569754123.89,0,0,0,0,0
1569754123.93,0,0,0,0,0
1569754123.97,0,0,0,0,0
1569754124.01,0,0,0,0,0
1569754124.05,0,0,0,0,0
1569754124.09,0,0,0,0,0
1569754124.13,0,0,0,0,0
1569754124.17,0,0,0,0,0
1569754124.21,0,0,0,0,0
1569754124.25,0,0,0,0,0
1569754124.29,0,0,0,0,0
1569754124.33,0,0,0,0,0
1569754124.37,0,0,0,0,0
1569754124.41,0,0,0,0,0
1569754124.45,0,0,0,0,0
1569754124.49,0,0,0,0,0
1569754124.53,0,0,0,0,0
1569754124.57,0,0,0,0,0
1569754124.61,0,0,0,0,0
1569754124.65,0,0,0,0,0
1569754124.69,0,0,0,0,0
1569754124.73,0,0,0,0,0
1569754124.77,0,0,0,0,0
1569754124.81,0,0,0,0,0
1569754124.85,0,0,0,0,0
1569754124.89,0,0,0,0,0
1569754124.93,0,0,0,0,0
1569754124.97,0,0,0,0,0
1569754125.01,0,0,0,0,0
1569754125.05,0,0,0,0,0
1569754125.09,0,0,0,0,0
1569754125.13,0,0,0,0,0
1569754125.17,0,0,0,0,0
1569754125.21,0,0,0,0,0
1569754125.25,0,0,0,0,0
1569754125.29,0,0,0,0,0
1569754125.33,0,0,0,0,0
1569754125.37,0,0,0,0,0
1569754125.41,0,0,0,0,0
1569754125.45,0,0,0,0,0
1569754125.49,0,0,0,0,0
1569754125.53,0,0,0,0,0
1569754125.57,0,0,0,0,0
1569754125.61,0,0,0,0,0
1569754125.65,0,0,0,0,0
1569754125.69,0,0,0,0,0
1569754125.73,0,0,0,0,0
1569754125.77,0,0,0,0,0
1569754125.81,0,0,0,0,0
1569754125.85,0,0,0,0,0
1569754125.89,0,0,0,0,0
1569754125.93,0,0,0,0,0
1569754125.97,0,0,0,0,0
1569754126.01,0,0,0,0,0
1569754126.05,0,0,0,0,0
1569754126.09,0,0,0,0,0
1569754126.13,0,0,0,0,0
1569754126.17,0,0,0,0,0
1569754126.21,0,0,0,0,0
1569754126.25,0,0,0,0,0
1569754126.29,0,0,0,0,0
1569754126.33,0,0,0,0,0
1569754126.37,0,0,0,0,0
1569754126.41,0,0,0,0,0
1569754126.45,0,0,0,0,0
1569754126.49,0,0,0,0,0
1569754126.53,0,0,0,0,0
1569754126.57,0,0,0,0,0
1569754126.61,0,0,0,0,0
1569754126.65,0,0,0,0,0
1569754126.69,0,0,0,0,0
1569754126.73,0,0,0,0,0
1569754126.77,0,0,0,0,0
1569754126.81,0,0,0,0,0
1569754126.85,0,0,0,0,0
1569754126.89,0,0,0,0,0
1569754126.93,0,0,0,0,0
1569754126.97,0,0,0,0,0
1569754127.01,0,0,0,0,0
1569754127.05,0,0,0,0,0
1569754127.09,0,0,0,0,0
1569754127.13,0,0,0,0,0
1569754127.17,0,0,0,0,0
1569754127.21,0,0,0,0,0
1569754127.25,0,0,0,0,0
1569754127.29,0,0,0,0,0
1569754127.33,0,0,0,0,0
1569754127.37,0,0,0,0,0
1569754127.41,0,0,0,0,0
1569754127.45,0,0,0,0,0
1569754127.49,0,0,0,0,0
1569754127.53,0,0,0,0,0
1569754127.57,0,0,0,0,0
1569754127.61,0,0,0,0,0
1569754127.65,0,0,0,0,0
1569754127.69,0,0,0,0,0
1569754127.73,0,0,0,0,0
1569754127.77,0,0,0,0,0
1569754127.81,0,0,0,0,0
1569754127.85,0,0,0,0,0
1569754127.89,0,0,0,0,0
1569754127.93,0,0,0,0,0
1569754127.97,0,0,0,0,0
1569754128.01,0,0,0,0,0
1569754128.05,0,0,0,0,0
1569754128.09,0,0,0,0,0
1569754128.13,0,0,0,0,0
1569754128.17,0,0,0,0,0
1569754128.21,0,0,0,0,0
1569754128.25,0,0,0,0,0
1569754128.29,0,0,0,0,0
1569754128.33,0,0,0,0,0
1569754128.37,0,0,0,0,0
1569754128.41,0,0,0,0,0
1569754128.45,0,0,0,0,0
1569754128.49,0,0,0,0,0
1569754128.53,0,0,0,0,0
1569754128.57,0,0,0,0,0
1569754128.61,0,0,0,0,0
1569754128.65,0,0,0,0,0
1569754128.69,0,0,0,0,0
1569754128.73,0,0,0,0,0
1569754128.77,0,0,0,0,0
1569754128.81,0,0,0,0,0
1569754128.85,0,0,0,0,0
1569754128.89,0,0,0,0,0
1569754128.93,0,0,0,0,0
1569754128.97,0,0,0,0,0
1569754129.01,0,0,0,0,0
1569754129.05,0,0,0,0,0
1569754129.09,0,0,0,0,0
1569754129.13,0,0,0,0,0
1569754129.17,0,0,0,0,0
1569754129.21,0,0,0,0,0
1569754129.25,0,0,0,0,0
1569754129.29,0,0,0,0,0
1569754129.33,0,0,0,0,0
1569754129.37,0,0,0,0,0
1569754129.41,0,0,0,0,0
1569754129.45,0,0,0,0,0
1569754129.49,0,0,0,0,0
1569754129.53,0,0,0,0,0
1569754129.57,0,0,0,0,0
1569754129.61,0,0,0,0,0
1569754129.65,0,0,0,0,0
1569754129.69,0,0,0,0,0
1569754129.73,0,0,0,0,0
1569754129.77,0,0,0,0,0
1569754129.81,0,0,0,0,0
1569754129.85,0,0,0,0,0
1569754129.89,0,0,0,0,0
1569754129.93,0,0,0,0,0
1569754129.97,0,0,0,0,0
1569754130.01,0,0,0,0,0
1569754130.05,0,0,0,0,0
1569754130.09,0,0,0,0,0
1569754130.13,0,0,0,0,0
1569754130.17,0,0,0,0,0
1569754130.21,0,0,0,0,0
1569754130.25,0,0,0,0,0
1569754130.29,0,0,0,0,0
1569754130.33,0,0,0,0,0
1569754130.37,0,0,0,0,0
1569754130.41,0,0,0,0,0
1569754130.45,0,0,0,0,0
1569754130.49,0,0,0,0,0
1569754130.53,0,0,0,0,0
1569754130.57,0,0,0,0,0
1569754130.61,0,0,0,0,0
1569754130.65,0,0,0,0,0
1569754130.69,0,0,0,0,0
1569754130.73,0,0,0,0,0
1569754130.77,0,0,0,0,0
1569754130.81,0,0,0,0,0
1569754130.85,0,0,0,0,0
1569754130.89,0,0,0,0,0
1569754130.93,0,0,0,0,0
1569754130.97,0,0,0,0,0
1569754131.01,0,0,0,0,0
1569754131.05,0,0,0,0,0
1569754131.09,0,0,0,0,0
1569754131.13,0,0,0,0,0
1569754131.17,0,0,0,0,0
1569754131.21,0,0,0,0,0
1569754131.25,0,0,0,0,0
1569754131.29,0,0,0,0,0
1569754131.33,0,0,0,0,0
1569754131.37,0,0,0,0,0
1569754131.41,0,0,0,0,0
1569754131.45,0,0,0,0,0
1569754131.49,0,0,0,0,0
1569754131.53,0,0,0,0,0
1569754131.57,0,0,0,0,0
1569754131.61,0,0,0,0,0
1569754131.65,0,0,0,0,0
1569754131.69,0,0,0,0,0
1569754131.73,0,0,0,0,0
1569754131.77,0,0,0,0,0
1569754131.81,0,0,0,0,0
1569754131.85,0,0,0,0,0
1569754131.89,0,0,0,0,0
1569754131.93,0,0,0,0,0
1569754131.97,0,0,0,0,0
1569754132.01,0,0,0,0,0
1569754132.05,0,0,0,0,0
1569754132.09,0,0,0,0,0
1569754132.13,0,0,0,0,0
1569754132.17,0,0,0,0,0
1569754132.21,0,0,0,0,0
1569754132.25,0,0,0,0,0
1569754132.29,0,0,0,0,0
1569754132.33,0,0,0,0,0
1569754132.37,0,0,0,0,0
1569754132.41,0,0,0,0,0
1569754132.45,0,0,0,0,0
1569754132.49,0,0,0,0,0
1569754132.53,0,0,0,0,0
1569754132.57,0,0,0,0,0
1569754132.61,0,0,0,0,0
1569754132.65,0,0,0,0,0
1569754132.69,0,0,0,0,0
1569754132.73,0,0,0,0,0
1569754132.77,0,0,0,0,0
1569754132.81,0,0,0,0,0
1569754132.85,0,0,0,0,0
1569754132.89,0,0,0,0,0
1569754132.93,0,0,0,0,0
1569754132.97,0,0,0,0,0
1569754133.01,0,0,0,0,0
1569754133.05,0,0,0,0,0
1569754133.09,0,0,0,0,0
1569754133.13,0,0,0,0,0
1569754133.17,0,0,0,0,0
1569754133.21,0,0,0,0,0
1569754133.25,0,0,0,0,0
1569754133.29,0,0,0,0,0
1569754133.33,0,0,0,0,0
1569754133.37,0,0,0,0,0
1569754133.41,0,0,0,0,0
1569754133.45,0,0,0,0,0
1569754133.49,0,0,0,0,0
1569754133.53,0,0,0,0,0
1569754133.57,0,0,0,0,0
1569754133.61,0,0,0,0,0
1569754133.65,0,0,0,0,0
1569754133.69,0,0,0,0,0
1569754133.73,0,0,0,0,0
1569754133.77,0,0,0,0,0
1569754133.81,0,0,0,0,0
1569754133.85,0,0,0,0,0
1569754133.89,0,0,0,0,0
1569754133.93,0,0,0,0,0
1569754133.97,0,0,0,0,0
1569754134.01,0,0,0,0,0
1569754134.05,0,0,0,0,0
1569754134.09,0,0,0,0,0
1569754134.13,0,0,0,0,0
1569754134.17,0,0,0,0,0
1569754134.21,0,0,0,0,0
1569754134.25,0,0,0,0,0
1569754134.29,0,0,0,0,0
1569754134.33,0,0,0,0,0
1569754134.37,0,0,0,0,0
1569754134.41,0,0,0,0,0
1569754134.45,0,0,0,0,0
1569754134.49,0,0,0,0,0
1569754134.53,0,0,0,0,0
1569754134.57,0,0,0,0,0
1569754134.61,0,0,0,0,0
1569754134.65,0,0,0,0,0
1569754134.69,0,0,0,0,0
1569754134.73,0,0,0,0,0
1569754134.77,0,0,0,0,0
1569754134.81,0,0,0,0,0
1569754134.85,0,0,0,0,0
1569754134.89,0,0,0,0,0
1569754134.93,0,0,0,0,0
1569754134.97,0,0,0,0,0
1569754135.01,0,0,0,0,0
1569754135.05,0,0,0,0,0
1569754135.09,0,0,0,0,0
1569754135.13,0,0,0,0,0
1569754135.17,0,0,0,0,0
1569754135.21,0,0,0,0,0
1569754135.25,0,0,0,0,0
1569754135.29,0,0,0,0,0
1569754135.33,0,0,0,0,0
1569754135.37,0,0,0,0,0
1569754135.41,0,0,0,0,0
1569754135.45,0,0,0,0,0
1569754135.49,0,0,0,0,0
1569754135.53,0,0,0,0,0
1569754135.57,0,0,0,0,0
1569754135.61,0,0,0,0,0
1569754135.65,0,0,0,0,0
1569754135.69,0,0,0,0,0
1569754135.73,0,0,0,0,0
1569754135.77,0,0,0,0,0
1569754135.81,0,0,0,0,0
1569754135.85,0,0,0,0,0
1569754135.89,0,0,0,0,0
1569754135.93,0,0,0,0,0
1569754135.97,0,0,0,0,0
1569754136.01,0,0,0,0,0
1569754136.05,0,0,0,0,0
1569754136.09,0,0,0,0,0
1569754136.13,0,0,0,0,0
1569754136.17,0,0,0,0,0
1569754136.21,0,0,0,0,0
1569754136.25,0,0,0,0,0
1569754136.29,0,0,0,0,0
1569754136.33,0,0,0,0,0
1569754136.37,0,0,0,0,0
1569754136.41,0,0,0,0,0
1569754136.45,0,0,0,0,0
1569754136.49,0,0,0,0,0
1569754136.53,0,0,0,0,0
1569754136.57,0,0,0,0,0
1569754136.61,0,0,0,0,0
1569754136.65,0,0,0,0,0
1569754136.69,0,0,0,0,0
1569754136.73,0,0,0,0,0
1569754136.77,0,0,0,0,0
1569754136.81,0,0,0,0,0
1569754136.85,0,0,0,0,0
1569754136.89,0,0,0,0,0
1569754136.93,0,0,0,0,0
1569754136.97,0,0,0,0,0
1569754137.01,0,0,0,0,0
1569754137.05,0,0,0,0,0
1569754137.09,0,0,0,0,0
1569754137.13,0,0,0,0,0
1569754137.17,0,0,0,0,0
1569754137.21,0,0,0,0,0
1569754137.25,0,0,0,0,0
1569754137.29,0,0,0,0,0
1569754137.33,0,0,0,0,0
1569754137.37,0,0,0,0,0
1569754137.41,0,0,0,0,0
1569754137.45,0,0,0,0,0
1569754137.49,0,0,0,0,0
1569754137.53,0,0,0,0,0
1569754137.57,0,0,0,0,0
1569754137.61,0,0,0,0,0
1569754137.65,0,0,0,0,0
1569754137.69,0,0,0,0,0
1569754137.73,0,0,0,0,0
1569754137.77,0,0,0,0,0
1569754137.81,0,0,0,0,0
1569754137.85,0,0,0,0,0
1569754137.89,0,0,0,0,0
1569754137.93,0,0,0,0,0
1569754137.97,0,0,0,0,0
1569754138.01,0,0,0,0,0
1569754138.05,0,0,0,0,0
1569754138.09,0,0,0,0,0
1569754138.13,0,0,0,0,0
1569754138.17,0,0,0,0,0
1569754138.21,0,0,0,0,0
1569754138.25,0,0,0,0,0
1569754138.29,0,0,0,0,0
1569754138.33,0,0,0,0,0
1569754138.37,0,0,0,0,0
1569754138.41,0,0,0,0,0
1569754138.45,0,0,0,0,0
1569754138.49,0,0,0,0,0
1569754138.53,0,0,0,0,0
1569754138.57,0,0,0,0,0
1569754138.61,0,0,0,0,0
1569754138.65,0,0,0,0,0
1569754138.69,0,0,0,0,0
1569754138.73,0,0,0,0,0
1569754138.77,0,0,0,0,0
1569754138.81,0,0,0,0,0
1569754138.85,0,0,0,0,0
1569754138.89,0,0,0,0,0
1569754138.93,0,0,0,0,0
1569754138.97,0,0,0,0,0
1569754139.01,0,0,0,0,0
1569754139.05,0,0,0,0,0
1569754139.09,0,0,0,0,0
1569754139.13,0,0,0,0,0
1569754139.17,0,0,0,0,0
1569754139.21,0,0,0,0,0
1569754139.25,0,0,0,0,0
1569754139.29,0,0,0,0,0
1569754139.33,0,0,0,0,0
1569754139.37,0,0,0,0,0
1569754139.41,0,0,0,0,0
1569754139.45,0,0,0,0,0
1569754139.49,0,0,0,0,0
1569754139.53,0,0,0,0,0
1569754139.57,0,0,0,0,0
1569754139.61,0,0,0,0,0
1569754139.65,0,0,0,0,0
1569754139.69,0,0,0,0,0
1569754139.73,0,0,0,0,0
1569754139.77,0,0,0,0,0
1569754139.81,0,0,0,0,0
1569754139.85,0,0,0,0,0
1569754139.89,0,0,0,0,0
1569754139.93,0,0,0,0,0
1569754139.97,0,0,0,0,0
1569754140.01,0,0,0,0,0
1569754140.05,0,0,0,0,0
1569754140.09,0,0,0,0,0
1569754140.13,0,0,0,0,0
1569754140.17,0,0,0,0,0
1569754140.21,0,0,0,0,0
1569754140.25,0,0,0,0,0
1569754140.29,0,0,0,0,0
1569754140.33,0,0,0,0,0
1569754140.37,0,0,0,0,0
1569754140.41,0,0,0,0,0
1569754140.45,0,0,0,0,0
1569754140.49,0,0,0,0,0
1569754140.53,0,0,0,0,0
1569754140.57,0,0,0,0,0
1569754140.61,0,0,0,0,0
1569754140.65,0,0,0,0,0
1569754140.69,0,0,0,0,0
1569754140.73,0,0,0,0,0
1569754140.77,0,0,0,0,0
1569754140.81,0,0,0,0,0
1569754140.85,0,0,0,0,0
1569754140.89,0,0,0,0,0
1569754140.93,0,0,0,0,0
1569754140.97,0,0,0.0,0.0,0
1569754141.01,0,0,0.0,0.0,0
1569754141.05,0,0,0.0,0.0,0
1569754141.09,0,0,0.0,0.0,0
1569754141.13,0,0,0.0,0.0,0
1569754141.17,0,0,0.0,0.0,0
1569754141.21,0,0,0.0,0.0,0
1569754141.25,0,0,0.0,0.0,0
1569754141.29,0,0,0.0,0.0,0
1569754141.33,0,0,0.0,0.0,0
1569754141.37,0,0,0.0,0.0,0
1569754141.41,0,0,0.0,0.0,0
1569754141.45,0,0,0.0,0.0,0
1569754141.49,0,0,0.0,0.0,0
1569754141.53,0,0,0.0,0.0,0
1569754141.57,0,0,0.0,0.0,0
1569754141.61,0,0,0.0,0.0,0
1569754141.65,0,0,0.0,0.0,0
1569754141.69,0,0,0.0,0.0,0
1569754141.73,0,0,0.0,0.0,0
1569754141.77,0,0,0.0,0.0,0
1569754141.81,0,0,0.0,0.0,0
1569754141.85,0,0,0.0,0.0,0
1569754141.89,0,0,0.0,0.0,0
1569754141.93,0,0,0.0,0.0,0
1569754141.97,0,0,0.0,0.0,0
1569754142.01,0,0,0.0,0.0,0
1569754142.05,0,0,0.0,0.0,0
1569754142.09,0,0,0.0,0.0,0
1569754142.13,0,0,0.0,0.0,0
1569754142.17,0,0,0.0,0.0,0
1569754142.21,0,0,0.0,0.0,0
1569754142.25,0,0,0.0,0.0,0
1569754142.29,0,0,0.0,0.0,0
1569754142.33,0,0,0.0,0.0,0
1569754142.37,0,0,0.0,0.0,0
1569754142.41,0,0,0.0,0.0,0
1569754142.45,0,0,0.0,0.0,0
1569754142.49,0,0,0.0,0.0,0
1569754142.53,0,0,0.0,0.0,0
1569754142.57,0,0,0.0,0.0,0
1569754142.61,0,0,0.0,0.0,0
1569754142.65,0,0,0.0,0.0,0
1569754142.69,0,0,0.0,0.0,0
1569754142.73,0,0,0.0,0.0,0
1569754142.77,0,0,0.0,0.0,0
1569754142.81,0,0,0.0,0.0,0
1569754142.85,0,0,0.0,0.0,0
1569754142.89,0,0,0.0,0.0,0
1569754142.93,0,0,0.0,0.0,0
1569754142.97,0,0,0.0,0.0,0
1569754143.01,0,0,0.0,0.0,0
1569754143.05,0,0,0.0,0.0,0
1569754143.09,0,0,0.0,0.0,0
1569754143.13,0,0,0.0,0.0,0
1569754143.17,0,0,0.0,0.0,0
1569754143.21,0,0,0.0,0.0,0
1569754143.25,0,0,0.0,0.0,0
1569754143.29,0,0,0.0,0.0,0
1569754143.33,0,0,0.0,0.0,0
1569754143.37,0,0,0.0,0.0,0
1569754143.41,0,0,0.0,0.0,0
1569754143.45,0,0,0.0,0.0,0
1569754143.49,0,0,0.0,0.0,0
1569754143.53,0,0,0.0,0.0,0
1569754143.57,0,0,0.0,0.0,0
1569754143.61,0,0,0.0,0.0,0
1569754143.65,0,0,0.0,0.0,0
1569754143.69,0,0,0.0,0.0,0
1569754143.73,0,0,0.0,0.0,0
1569754143.77,0,0,0.0,0.0,0
1569754143.81,0,0,0.0,0.0,0
1569754143.85,0,0,0.0,0.0,0
1569754143.89,0,0,0.0,0.0,0
1569754143.93,0,0,0.0,0.0,0
1569754143.97,0,0,0.0,0.0,0
1569754144.01,0,0,0.0,0.0,0
1569754144.05,0,0,0.0,0.0,0
1569754144.09,0,0,0.0,0.0,0
1569754144.13,0,0,0.0,0.0,0
1569754144.17,0,0,0.0,0.0,0
